frame,pixel_mae
2,1.9940340518951416
3,1.9511958360671997
4,1.9044851064682007
5,1.9313240051269531
6,1.904819130897522
7,1.832682490348816
8,1.7874466180801392
9,1.848847508430481
10,2.008671998977661
11,1.7154626846313477
12,1.7152891159057617
13,1.7436769008636475
14,1.7306578159332275
15,1.6962770223617554
16,1.684977412223816
17,1.7013624906539917
18,1.7044044733047485
19,1.660979986190796
20,1.6629160642623901
21,1.689249038696289
22,1.6728702783584595
23,1.6169732809066772
24,1.600703477859497
25,1.8331830501556396
26,1.61708664894104
27,1.5645105838775635
28,1.559949517250061
29,1.5868759155273438
30,1.5915496349334717
31,1.559717059135437
32,1.5520797967910767
33,1.5704947710037231
34,1.5611357688903809
35,1.5408515930175781
36,1.5103504657745361
37,1.5289802551269531
38,1.5093663930892944
39,1.4749377965927124
40,1.6414071321487427
41,1.4964081048965454
42,1.5384399890899658
43,1.5159567594528198
44,1.52286696434021
45,1.5832586288452148
46,1.5802990198135376
47,1.5503123998641968
48,1.5546925067901611
49,1.5955777168273926
50,1.5652633905410767
51,1.5476707220077515
52,1.5404669046401978
53,1.5683794021606445
54,1.529740333557129
55,1.6524511575698853
56,1.474563479423523
57,1.5338115692138672
58,1.5410504341125488
59,1.5114505290985107
60,1.5143980979919434
61,1.5665796995162964
62,1.5746784210205078
63,1.5431913137435913
64,1.507781744003296
65,1.542508602142334
66,1.5498876571655273
67,1.5429713726043701
68,1.5373092889785767
69,1.5768980979919434
70,1.760008454322815
71,1.5107325315475464
72,1.4889477491378784
73,1.5494049787521362
74,1.5429471731185913
75,1.5166107416152954
76,1.4950389862060547
77,1.5389409065246582
78,1.5270099639892578
79,1.503941297531128
80,1.4740396738052368
81,1.5112367868423462
82,1.5061331987380981
83,1.4952237606048584
84,1.4845283031463623
85,1.712012529373169
86,1.4936918020248413
87,1.471885085105896
88,1.4812554121017456
89,1.5364620685577393
90,1.5396672487258911
91,1.5029628276824951
92,1.4984989166259766
93,1.5311099290847778
94,1.5347000360488892
95,1.5177879333496094
96,1.5159846544265747
97,1.5564824342727661
98,1.5285645723342896
99,1.4978268146514893
100,1.6605944633483887
101,1.5376663208007812
102,1.55813467502594
103,1.5122106075286865
104,1.4958686828613281
105,1.5622318983078003
106,1.5686171054840088
107,1.5386290550231934
108,1.5370980501174927
109,1.5733767747879028
110,1.5417786836624146
111,1.5043890476226807
112,1.5127924680709839
113,1.5403428077697754
114,1.564407467842102
115,1.681411623954773
116,1.470094919204712
117,1.541278600692749
118,1.5468723773956299
119,1.518021583557129
120,1.5120304822921753
121,1.5384851694107056
122,1.561322569847107
123,1.5323947668075562
124,1.4993762969970703
125,1.536604881286621
126,1.5379046201705933
127,1.5266783237457275
128,1.5259064435958862
129,1.5364010334014893
130,1.73259699344635
131,1.4938544034957886
132,1.5193724632263184
133,1.5799784660339355
134,1.603480339050293
135,1.570816993713379
136,1.5698426961898804
137,1.6026403903961182
138,1.5874125957489014
139,1.5666643381118774
140,1.562671422958374
141,1.5927423238754272
142,1.5717390775680542
143,1.560741662979126
144,1.5626524686813354
145,1.775987148284912
146,1.5489088296890259
147,1.4975723028182983
148,1.4820961952209473
149,1.538455843925476
150,1.5466887950897217
151,1.4961589574813843
152,1.5148727893829346
153,1.552557110786438
154,1.5417331457138062
155,1.5358539819717407
156,1.5320334434509277
157,1.5568090677261353
158,1.5553739070892334
159,1.5308573246002197
160,1.6880404949188232
161,1.556337594985962
162,1.6015048027038574
163,1.5817639827728271
164,1.5890021324157715
165,1.633287787437439
166,1.6139800548553467
167,1.6073652505874634
168,1.6138157844543457
169,1.6588482856750488
170,1.6463829278945923
171,1.6092650890350342
172,1.6017029285430908
173,1.635442852973938
174,1.6481196880340576
175,1.7775808572769165
176,1.5814687013626099
177,1.6350208520889282
178,1.6387847661972046
179,1.6185462474822998
180,1.598393440246582
181,1.6417913436889648
182,1.6301699876785278
183,1.5929583311080933
184,1.5732687711715698
185,1.616337776184082
186,1.5969609022140503
187,1.5530297756195068
188,1.5413403511047363
189,1.5782746076583862
190,1.7674752473831177
191,1.497912049293518
192,1.5266331434249878
193,1.5756003856658936
194,1.5929973125457764
195,1.563765048980713
196,1.577264428138733
197,1.627015233039856
198,1.6214148998260498
199,1.569292426109314
200,1.5781986713409424
201,1.6292634010314941
202,1.6060857772827148
203,1.5980806350708008
204,1.5927363634109497
205,1.8029026985168457
206,1.5696109533309937
207,1.5546519756317139
208,1.532799482345581
209,1.5560747385025024
210,1.5470569133758545
211,1.5171916484832764
212,1.511638879776001
213,1.545521855354309
214,1.5247374773025513
215,1.510361909866333
216,1.5238032341003418
217,1.574012041091919
218,1.5479938983917236
219,1.5350183248519897
220,1.6992583274841309
221,1.5291032791137695
222,1.554575800895691
223,1.5379033088684082
224,1.5278006792068481
225,1.582756757736206
226,1.5803056955337524
227,1.570906639099121
228,1.5599472522735596
229,1.5832724571228027
230,1.599860668182373
231,1.5650224685668945
232,1.5378233194351196
233,1.5718560218811035
234,1.5703845024108887
235,1.711604356765747
236,1.5243648290634155
237,1.594366192817688
238,1.618428349494934
239,1.5931369066238403
240,1.5895793437957764
241,1.6355693340301514
242,1.6423494815826416
243,1.6041730642318726
244,1.5834790468215942
245,1.6019115447998047
246,1.5936051607131958
247,1.5708508491516113
248,1.5619964599609375
249,1.5880093574523926
250,1.8010756969451904
251,1.8627402782440186
252,1.576601266860962
253,1.5458775758743286
254,1.5275523662567139
255,1.570109248161316
256,1.5720136165618896
257,1.5497432947158813
258,1.5126943588256836
259,1.5963819026947021
260,1.6347557306289673
261,1.5949203968048096
262,1.5923341512680054
263,1.6634236574172974
264,1.6546216011047363
265,1.7712247371673584
266,1.5870976448059082
267,1.6572476625442505
268,1.6661393642425537
269,1.6031402349472046
270,1.592440128326416
271,1.6466537714004517
272,1.6305181980133057
273,1.5970572233200073
274,1.5659347772598267
275,1.611358404159546
276,1.5647640228271484
277,1.5043333768844604
278,1.5309593677520752
279,1.5525119304656982
280,1.7319663763046265
281,1.492063283920288
282,1.523374080657959
283,1.580586314201355
284,1.616781234741211
285,1.578000783920288
286,1.5763030052185059
287,1.6356874704360962
288,1.6432024240493774
289,1.6054641008377075
290,1.587698221206665
291,1.6583051681518555
292,1.6690528392791748
293,1.628880262374878
294,1.6210423707962036
295,1.8298429250717163
296,1.6291344165802002
297,1.5997627973556519
298,1.5802310705184937
299,1.6322423219680786
300,1.6381583213806152
