dataset,scene,iteration,paper_psnr,ours_psnr,delta_psnr,ours_ssim,ours_lpips,gaussian_count,training_time_seconds,training_time_minutes,training_wall_time_seconds,total_run_wall_time,time_to_7000_seconds,time_to_30000_seconds,time_7000_to_30000_seconds,training_wall_time_7k,training_wall_time_30k,peak_cuda_allocated_MiB,peak_cuda_reserved_MiB,peak_process_vram_MiB,model_parameter_MiB,checkpoint_size_MiB,resolution_width,resolution_height,num_train_views,num_test_views,gpu_name,seed,status
Mip-NeRF360,bicycle,7000,23.604,22.972658157348633,-0.6313418426513664,0.6474379301071167,0.3839050233364105,3682712,291.0812431256054,4.8513540520934235,302.5659675490024,2999.465150864009,291.0812431256054,2808.864773305191,2517.783530179586,302.5659675490024,2963.0910739020037,20820.15576171875,47216.0,47062.0,828.8574523925781,2556.83860206604,1237,822,169,25,NVIDIA RTX 6000 Ada Generation,0,COMPLETED
Mip-NeRF360,bicycle,30000,25.246,25.07146644592285,-0.1745335540771471,0.7570844888687134,0.24624446034431458,5983560,2808.864773305191,46.81441288841985,2963.0910739020037,2999.465150864009,291.0812431256054,2808.864773305191,2517.783530179586,302.5659675490024,2963.0910739020037,20820.15576171875,47216.0,47062.0,1346.7027282714844,4154.259725570679,1237,822,169,25,NVIDIA RTX 6000 Ada Generation,0,COMPLETED
Mip-NeRF360,flowers,7000,20.515,20.231388092041016,-0.28361190795898494,0.5159337520599365,0.4521617293357849,2600704,248.52294404142594,4.142049067357099,257.14988901800825,1971.0780637029966,248.52294404142594,1844.3559645519417,1595.8330205105158,257.14988901800825,1942.7054162980057,13102.6572265625,47052.0,47558.0,585.3330078125,1805.6280918121338,1256,828,151,22,NVIDIA RTX 6000 Ada Generation,0,COMPLETED
Mip-NeRF360,flowers,30000,21.52,21.46280860900879,-0.05719139099121051,0.6011255383491516,0.3701489269733429,3724148,1844.3559645519417,30.739266075865697,1942.7054162980057,1971.0780637029966,248.52294404142594,1844.3559645519417,1595.8330205105158,257.14988901800825,1942.7054162980057,13102.6572265625,47052.0,47558.0,838.1833343505859,2585.6064853668213,1256,828,151,22,NVIDIA RTX 6000 Ada Generation,0,COMPLETED
Mip-NeRF360,garden,7000,26.245,25.82784080505371,-0.41715919494629006,0.8157937526702881,0.20404021441936493,4427061,359.8205420510494,5.997009034184157,374.997967636009,3001.9294604379975,359.8205420510494,2810.9281467960245,2451.107604744975,374.997967636009,2966.93153200901,20476.49462890625,47052.0,47558.0,996.3859519958496,3073.621744155884,1297,840,161,24,NVIDIA RTX 6000 Ada Generation,0,COMPLETED
Mip-NeRF360,garden,30000,27.41,27.28034210205078,-0.1296578979492189,0.8618592023849487,0.1283119022846222,5751202,2810.9281467960245,46.84880244660041,2966.93153200901,3001.9294604379975,359.8205420510494,2810.9281467960245,2451.107604744975,374.997967636009,2966.93153200901,20476.49462890625,47052.0,47558.0,1294.4065780639648,3992.939371109009,1297,840,161,24,NVIDIA RTX 6000 Ada Generation,0,COMPLETED
Mip-NeRF360,stump,7000,25.709,25.25252914428711,-0.45647085571289026,0.7088481783866882,0.3437475562095642,3806192,284.7331642015779,4.745552736692965,296.4540176770097,2385.223499505999,284.7331642015779,2229.449902934706,1944.7167387331283,296.4540176770097,2358.137495518007,16919.51025390625,47232.0,47662.0,856.6487426757812,2642.568033218384,1245,825,109,16,NVIDIA RTX 6000 Ada Generation,0,COMPLETED
Mip-NeRF360,stump,30000,26.55,26.369319915771484,-0.18068008422851634,0.762561559677124,0.2568838596343994,4741634,2229.449902934706,37.1574983822451,2358.137495518007,2385.223499505999,284.7331642015779,2229.449902934706,1944.7167387331283,296.4540176770097,2358.137495518007,16919.51025390625,47232.0,47662.0,1067.1859970092773,3292.021463394165,1245,825,109,16,NVIDIA RTX 6000 Ada Generation,0,COMPLETED
Mip-NeRF360,treehill,7000,22.085,21.951982498168945,-0.13301750183105554,0.5858476758003235,0.4849230945110321,2407152,223.5812930350221,3.726354883917035,230.81666675199813,1928.7301771130005,223.5812930350221,1808.1189689770836,1584.5376759420615,230.81666675199813,1903.0831177799992,12880.55615234375,47150.0,46932.0,541.7708129882812,1671.24973487854,1267,832,123,18,NVIDIA RTX 6000 Ada Generation,0,COMPLETED
Mip-NeRF360,treehill,30000,22.49,22.437524795532227,-0.052475204467771874,0.6297156810760498,0.38028058409690857,3729879,1808.1189689770836,30.13531614961806,1903.0831177799992,1928.7301771130005,223.5812930350221,1808.1189689770836,1584.5376759420615,230.81666675199813,1903.0831177799992,12880.55615234375,47150.0,46932.0,839.4731941223145,2589.585367202759,1267,832,123,18,NVIDIA RTX 6000 Ada Generation,0,COMPLETED
Mip-NeRF360,room,7000,28.139,29.142831802368164,1.0038318023681647,0.8932895064353943,0.34242895245552063,1165985,235.05172809363285,3.9175288015605476,239.42505155599792,1416.5225909660076,235.05172809363285,1334.0999334203516,1099.0482053267187,239.42505155599792,1375.7019959659956,5797.87158203125,34186.0,34692.0,262.4249076843262,809.5386142730713,1557,1038,272,39,NVIDIA RTX 6000 Ada Generation,0,COMPLETED
Mip-NeRF360,room,30000,30.632,31.45476531982422,0.8227653198242173,0.9200243949890137,0.2932279407978058,1614046,1334.0999334203516,22.23499889033919,1375.7019959659956,1416.5225909660076,235.05172809363285,1334.0999334203516,1099.0482053267187,239.42505155599792,1375.7019959659956,5797.87158203125,34186.0,34692.0,363.26871490478516,1120.6158847808838,1557,1038,272,39,NVIDIA RTX 6000 Ada Generation,0,COMPLETED
Mip-NeRF360,counter,7000,26.705,27.012866973876953,0.30786697387695483,0.8764486312866211,0.31210240721702576,1053018,245.01366285869153,4.083561047644859,249.32038485299563,1290.9485181409982,245.01366285869153,1223.6518138738465,978.638151015155,249.32038485299563,1256.8438864630007,4573.75732421875,13122.0,13628.0,236.99974822998047,731.108377456665,1558,1038,210,30,NVIDIA RTX 6000 Ada Generation,0,COMPLETED
Mip-NeRF360,counter,30000,28.7,28.989559173583984,0.2895591735839851,0.9088817238807678,0.2614396810531616,1225236,1223.6518138738465,20.39419689789744,1256.8438864630007,1290.9485181409982,245.01366285869153,1223.6518138738465,978.638151015155,249.32038485299563,1256.8438864630007,4573.75732421875,13122.0,13628.0,275.76036071777344,850.6746616363525,1558,1038,210,30,NVIDIA RTX 6000 Ada Generation,0,COMPLETED
Mip-NeRF360,kitchen,7000,28.546,28.868745803833008,0.32274580383300844,0.8991293907165527,0.20329563319683075,1763573,312.43701405567117,5.207283567594519,319.59820406200015,1702.3514021840092,312.43701405567117,1609.8677381929883,1297.4307241373172,319.59820406200015,1661.7096932610002,7011.07666015625,41636.0,42142.0,396.9223289489746,1224.4290561676025,1558,1039,244,35,NVIDIA RTX 6000 Ada Generation,0,COMPLETED
Mip-NeRF360,kitchen,30000,30.317,31.372983932495117,1.055983932495117,0.9274398684501648,0.1595257967710495,1896861,1609.8677381929883,26.83112896988314,1661.7096932610002,1702.3514021840092,312.43701405567117,1609.8677381929883,1297.4307241373172,319.59820406200015,1661.7096932610002,7011.07666015625,41636.0,42142.0,426.9210777282715,1316.9670810699463,1558,1039,244,35,NVIDIA RTX 6000 Ada Generation,0,COMPLETED
Mip-NeRF360,bonsai,7000,28.85,29.63091278076172,0.7809127807617173,0.9214245676994324,0.29626426100730896,1175211,241.6044507997285,4.0267408466621415,247.3245804939943,1210.2559569409932,241.6044507997285,1136.1506177791744,894.5461669794458,247.3245804939943,1171.201611002005,5606.83447265625,31324.0,31830.0,264.5013771057129,815.9438877105713,1559,1039,255,37,NVIDIA RTX 6000 Ada Generation,0,COMPLETED
Mip-NeRF360,bonsai,30000,31.98,32.20358657836914,0.2235865783691402,0.9425531625747681,0.2608870565891266,1245445,1136.1506177791744,18.935843629652904,1171.201611002005,1210.2559569409932,241.6044507997285,1136.1506177791744,894.5461669794458,247.3245804939943,1171.201611002005,5606.83447265625,31324.0,31830.0,280.30874252319336,864.70578956604,1559,1039,255,37,NVIDIA RTX 6000 Ada Generation,0,COMPLETED
Tanks&Temples,truck,7000,23.506,23.594396591186523,0.08839659118652321,0.8426993489265442,0.24417397379875183,1830966,191.91236443744856,3.1985394072908093,199.12420508099603,1370.741438563011,191.91236443744856,1283.408852587716,1091.4964881502674,199.12420508099603,1348.094744942995,9819.53857421875,46970.0,47112.0,412.0902786254883,1271.2181186676025,979,546,219,32,NVIDIA RTX 6000 Ada Generation,0,COMPLETED
Tanks&Temples,truck,30000,25.187,25.292469024658203,0.10546902465820196,0.8809161186218262,0.1820594072341919,2495889,1283.408852587716,21.3901475431286,1348.094744942995,1370.741438563011,191.91236443744856,1283.408852587716,1091.4964881502674,199.12420508099603,1348.094744942995,9819.53857421875,46970.0,47112.0,561.7425956726074,1732.8575229644775,979,546,219,32,NVIDIA RTX 6000 Ada Generation,0,COMPLETED
Tanks&Temples,train,7000,18.892,19.25589942932129,0.3638994293212896,0.70853191614151,0.37938734889030457,680505,121.9771530633152,2.0329525510552533,125.02142386700143,809.7837213909952,121.9771530633152,760.6945857104583,638.7174326471431,125.02142386700143,788.4761531870026,3706.21923828125,25948.0,26454.0,153.1593132019043,472.48166847229004,980,545,263,38,NVIDIA RTX 6000 Ada Generation,0,COMPLETED
Tanks&Temples,train,30000,21.097,22.064495086669922,0.9674950866699206,0.8152472376823425,0.2503369152545929,1093075,760.6945857104583,12.678243095174306,788.4761531870026,809.7837213909952,121.9771530633152,760.6945857104583,638.7174326471431,125.02142386700143,788.4761531870026,3706.21923828125,25948.0,26454.0,246.01526260375977,758.9187412261963,980,545,263,38,NVIDIA RTX 6000 Ada Generation,0,COMPLETED
Deep Blending,drjohnson,7000,26.306,26.550146102905273,0.2441461029052725,0.8523797392845154,0.41913914680480957,1950482,246.15410855303344,4.10256847588389,252.19928999300464,2024.3949971010006,246.15410855303344,1898.990691808518,1652.8365832554846,252.19928999300464,1983.5487542250048,11595.74072265625,46944.0,47448.0,438.9894027709961,1354.1949253082275,1332,876,230,33,NVIDIA RTX 6000 Ada Generation,0,COMPLETED
Deep Blending,drjohnson,30000,28.766,28.73978042602539,-0.026219573974607613,0.894345223903656,0.33011263608932495,3320025,1898.990691808518,31.649844863475302,1983.5487542250048,2024.3949971010006,246.15410855303344,1898.990691808518,1652.8365832554846,252.19928999300464,1983.5487542250048,11595.74072265625,46944.0,47448.0,747.2285270690918,2305.03440284729,1332,876,230,33,NVIDIA RTX 6000 Ada Generation,0,COMPLETED
Deep Blending,playroom,7000,29.245,28.77318000793457,-0.4718199920654307,0.8883516788482666,0.36871954798698425,1700610,207.9621797958971,3.4660363299316184,213.4472700740007,1538.0116013119987,207.9621797958971,1447.6718029272015,1239.7096231313044,213.4472700740007,1509.8665779130097,8698.26416015625,47218.0,47724.0,382.75142669677734,1180.7150058746338,1264,832,196,29,NVIDIA RTX 6000 Ada Generation,0,COMPLETED
Deep Blending,playroom,30000,30.044,29.55249786376953,-0.49150213623046923,0.8994882702827454,0.32644468545913696,2478724,1447.6718029272015,24.127863382120026,1509.8665779130097,1538.0116013119987,207.9621797958971,1447.6718029272015,1239.7096231313044,213.4472700740007,1509.8665779130097,8698.26416015625,47218.0,47724.0,557.8793182373047,1720.9399814605713,1264,832,196,29,NVIDIA RTX 6000 Ada Generation,0,COMPLETED
Synthetic NeRF,mic,7000,,30.47066307067871,,0.979150116443634,0.020389268174767494,214668,59.221641074240324,0.9870273512373388,59.883927507995395,392.7513153189939,59.221641074240324,346.7635593032901,287.54191822904977,59.883927507995395,355.3301347139932,1218.58251953125,3174.0,3680.0,48.31471252441406,149.0625400543213,800,800,100,200,NVIDIA RTX 6000 Ada Generation,0,COMPLETED
Synthetic NeRF,mic,30000,35.36,34.84347915649414,-0.5165208435058588,0.9905595183372498,0.00908853579312563,325660,346.7635593032901,5.779392655054835,355.3301347139932,392.7513153189939,59.221641074240324,346.7635593032901,287.54191822904977,59.883927507995395,355.3301347139932,1218.58251953125,3174.0,3680.0,73.29536437988281,226.1215000152588,800,800,100,200,NVIDIA RTX 6000 Ada Generation,0,COMPLETED
Synthetic NeRF,chair,7000,,32.221519470214844,,0.9730629324913025,0.034193988889455795,260608,61.97126419507549,1.032854403251258,62.80799169499369,385.2151495470025,61.97126419507549,337.74672302632825,275.77545883125276,62.80799169499369,346.54430041900196,1307.50439453125,5934.0,6440.0,58.654296875,180.9580478668213,800,800,100,200,NVIDIA RTX 6000 Ada Generation,0,COMPLETED
Synthetic NeRF,chair,30000,35.83,35.417171478271484,-0.4128285217285139,0.9858310222625732,0.016186270862817764,318514,337.74672302632825,5.629112050438804,346.54430041900196,385.2151495470025,61.97126419507549,337.74672302632825,275.77545883125276,62.80799169499369,346.54430041900196,1307.50439453125,5934.0,6440.0,71.6870346069336,221.16025733947754,800,800,100,200,NVIDIA RTX 6000 Ada Generation,0,COMPLETED
Synthetic NeRF,ship,7000,,27.746828079223633,,0.8835141658782959,0.16448050737380981,259950,80.72864852464409,1.3454774754107348,81.63687105399731,496.6690518760006,80.72864852464409,445.7660206719447,365.03737214730063,81.63687105399731,455.4155979579955,1343.14013671875,6880.0,7386.0,58.506202697753906,180.5006504058838,800,800,100,200,NVIDIA RTX 6000 Ada Generation,0,COMPLETED
Synthetic NeRF,ship,30000,30.8,30.09647560119629,-0.7035243988037116,0.9014802575111389,0.13355237245559692,361576,445.7660206719447,7.429433677865745,455.4155979579955,496.6690518760006,80.72864852464409,445.7660206719447,365.03737214730063,81.63687105399731,455.4155979579955,1343.14013671875,6880.0,7386.0,81.37887573242188,251.05710792541504,800,800,100,200,NVIDIA RTX 6000 Ada Generation,0,COMPLETED
Synthetic NeRF,materials,7000,,27.145492553710938,,0.9447558522224426,0.06239806488156319,223402,60.61893218073237,1.0103155363455396,61.307857002000674,373.29212857699895,60.61893218073237,326.2806395289663,265.6617073482339,61.307857002000674,334.4806362819945,1194.62060546875,3038.0,3544.0,50.28044891357422,155.1266269683838,800,800,100,200,NVIDIA RTX 6000 Ada Generation,0,COMPLETED
Synthetic NeRF,materials,30000,30.0,29.28956413269043,-0.7104358673095703,0.956996738910675,0.0467485710978508,316963,326.2806395289663,5.438010658816105,334.4806362819945,373.29212857699895,60.61893218073237,326.2806395289663,265.6617073482339,61.307857002000674,334.4806362819945,1194.62060546875,3038.0,3544.0,71.33795547485352,220.0832920074463,800,800,100,200,NVIDIA RTX 6000 Ada Generation,0,COMPLETED
Synthetic NeRF,lego,7000,,31.67990493774414,,0.9703510999679565,0.035924021154642105,291954,65.69315766853106,1.0948859611421844,66.72075070498977,410.2806636489986,65.69315766853106,359.79539280815516,294.1022351396241,66.72075070498977,369.5937623469945,1357.416015625,4822.0,5328.0,65.7092514038086,202.72031593322754,800,800,100,200,NVIDIA RTX 6000 Ada Generation,0,COMPLETED
Synthetic NeRF,lego,30000,35.78,34.5457649230957,-1.234235076904298,0.9804150462150574,0.021569829434156418,361512,359.79539280815516,5.996589880135919,369.5937623469945,410.2806636489986,65.69315766853106,359.79539280815516,294.1022351396241,66.72075070498977,369.5937623469945,1357.416015625,4822.0,5328.0,81.36447143554688,251.01267433166504,800,800,100,200,NVIDIA RTX 6000 Ada Generation,0,COMPLETED
Synthetic NeRF,drums,7000,,24.85320472717285,,0.9412739276885986,0.06039807200431824,249947,61.445110294924234,1.0240851715820705,62.28242825300549,403.1844906829938,61.445110294924234,353.7694367020158,292.3243264070916,62.28242825300549,363.37024182900495,1373.02587890625,6114.0,6620.0,56.25485610961914,173.55600929260254,800,800,100,200,NVIDIA RTX 6000 Ada Generation,0,COMPLETED
Synthetic NeRF,drums,30000,26.15,26.00031280517578,-0.14968719482421733,0.9528408050537109,0.04575600475072861,372234,353.7694367020158,5.89615727836693,363.37024182900495,403.1844906829938,61.445110294924234,353.7694367020158,292.3243264070916,62.28242825300549,363.37024182900495,1373.02587890625,6114.0,6620.0,83.77764129638672,258.4569492340088,800,800,100,200,NVIDIA RTX 6000 Ada Generation,0,COMPLETED
Synthetic NeRF,ficus,7000,,30.655771255493164,,0.9751052856445312,0.02181243896484375,236155,57.88862337564933,0.9648103895941555,58.62753799899656,367.83824223100964,57.88862337564933,320.9900434684532,263.1014200928039,58.62753799899656,329.1967058050068,1162.52294921875,5894.0,6400.0,53.15073013305664,163.98056983947754,800,800,100,200,NVIDIA RTX 6000 Ada Generation,0,COMPLETED
Synthetic NeRF,ficus,30000,34.87,33.47557067871094,-1.39442932128906,0.9834548830986023,0.015254207886755466,306068,320.9900434684532,5.349834057807554,329.1967058050068,367.83824223100964,57.88862337564933,320.9900434684532,263.1014200928039,58.62753799899656,329.1967058050068,1162.52294921875,5894.0,6400.0,68.88584899902344,212.5192050933838,800,800,100,200,NVIDIA RTX 6000 Ada Generation,0,COMPLETED
Synthetic NeRF,hotdog,7000,,34.2962646484375,,0.9789224863052368,0.03999297693371773,148392,64.21696620082366,1.0702827700137276,64.73891348698817,340.03819320499315,64.21696620082366,297.96269540360663,233.74572920278297,64.73891348698817,301.95610291599587,655.5341796875,1810.0,2316.0,33.398162841796875,103.04880714416504,800,800,100,200,NVIDIA RTX 6000 Ada Generation,0,COMPLETED
Synthetic NeRF,hotdog,30000,37.72,37.30605697631836,-0.4139430236816395,0.9848191142082214,0.027180571109056473,167959,297.96269540360663,4.966044923393444,301.95610291599587,340.03819320499315,64.21696620082366,297.96269540360663,233.74572920278297,64.73891348698817,301.95610291599587,655.5341796875,1810.0,2316.0,37.80205154418945,116.63364601135254,800,800,100,200,NVIDIA RTX 6000 Ada Generation,0,COMPLETED
